[
  {
    "_id": "61af9e7c9d0cf10c843f0fec",
    "products": [
      {
        "product": "61af80ba5f7a0d3540559df2",
        "quantity": 1,
        "check": false,
        "_id": "61eb854e227dca7d3dbda953"
      }
    ],
    "orderdBy": "61af80b95f7a0d3540559def",
    "createdAt": "2021-12-07T17:48:44.217Z",
    "updatedAt": "2023-02-03T15:59:31.276Z",
    "__v": 43
  },
  {
    "_id": "61afa482db773acade527e61",
    "products": [],
    "orderdBy": "61af80b95f7a0d3540559df0",
    "createdAt": "2021-12-07T18:14:26.630Z",
    "updatedAt": "2021-12-07T18:17:47.243Z",
    "__v": 3
  },
  {
    "_id": "61c73087b1b9d71e1b134324",
    "products": [
      {
        "product": "61af80ba5f7a0d3540559dfc",
        "quantity": 1,
        "check": true,
        "_id": "61c73087b1b9d71e1b134325"
      }
    ],
    "orderdBy": "61b6da0537850cfd98385a6f",
    "createdAt": "2021-12-25T14:53:59.568Z",
    "updatedAt": "2021-12-25T14:54:02.330Z",
    "__v": 0
  },
  {
    "_id": "61e17aef7bf2ceb9122aaeb5",
    "products": [],
    "orderdBy": "61c0af9f5099de0ea46fc974",
    "createdAt": "2022-01-14T13:30:23.832Z",
    "updatedAt": "2022-01-21T16:31:26.045Z",
    "__v": 2
  },
  {
    "_id": "6231c0929749e0b2022da0f6",
    "products": [],
    "orderdBy": "6231c086dd819f3a64705dde",
    "createdAt": "2022-03-16T10:48:50.470Z",
    "updatedAt": "2022-03-16T10:50:42.376Z",
    "__v": 0
  },
  {
    "_id": "63d88e5cc27f4bcc6577b921",
    "products": [
      {
        "product": "61af80ba5f7a0d3540559e2a",
        "quantity": 1,
        "check": true,
        "_id": "63d8ef41f5f3d01098adee34"
      }
    ],
    "orderdBy": "61c937edc8f7d7ccc2f0e331",
    "createdAt": "2023-01-31T03:43:24.159Z",
    "updatedAt": "2023-01-31T10:36:53.866Z",
    "__v": 1
  }
]
