[
  {
    "_id": "61afa577db773acade527f22",
    "user": "61af80b95f7a0d3540559df0",
    "product": "61af80ba5f7a0d3540559df9",
    "possessed": false,
    "rating": 3,
    "hide": false,
    "comment": "ok cũng dc",
    "numLike": 0,
    "userLiked": [],
    "responseReview": [],
    "createdAt": "2021-12-07T18:18:31.374Z",
    "updatedAt": "2021-12-07T18:18:31.374Z",
    "__v": 0
  },
  {
    "_id": "61afa57ddb773acade527f2b",
    "user": "61af80b95f7a0d3540559df0",
    "product": "61af80ba5f7a0d3540559e12",
    "possessed": false,
    "rating": 5,
    "hide": false,
    "comment": "tàm tạm",
    "numLike": 1,
    "userLiked": ["61af80b95f7a0d3540559def"],
    "responseReview": [],
    "createdAt": "2021-12-07T18:18:37.875Z",
    "updatedAt": "2021-12-24T13:17:06.304Z",
    "__v": 0
  },
  {
    "_id": "61afa59adb773acade527f34",
    "user": "61af80b95f7a0d3540559df0",
    "product": "61af80ba5f7a0d3540559df2",
    "possessed": false,
    "rating": 4,
    "hide": false,
    "comment": "Về cơ bản thì ok, nhưng tem dán hộp thì dễ bong nên ko biết chất lượng ntn. Nhưng đc cái đeo cũng thoải mái.",
    "numLike": 1,
    "userLiked": ["61af80b95f7a0d3540559def"],
    "responseReview": [
      {
        "user": "61af80b95f7a0d3540559dee",
        "comment": "sao bạn",
        "createdAt": "2022-01-06T15:03:40.897Z",
        "isAdmin": true,
        "_id": "61d704cc5deb09a827a6b8ff"
      },
      {
        "user": "61af80b95f7a0d3540559def",
        "comment": "sao nè",
        "createdAt": "2021-12-28T10:57:05.413Z",
        "isAdmin": false,
        "_id": "61caed8100c7c46a0e4ef2dc"
      },
      {
        "user": "61af80b95f7a0d3540559def",
        "comment": "??",
        "createdAt": "2021-12-25T15:11:04.035Z",
        "isAdmin": false,
        "_id": "61c734884434749981173617"
      },
      {
        "user": "61b6da0537850cfd98385a6f",
        "comment": "haha",
        "createdAt": "2021-12-25T13:06:41.597Z",
        "isAdmin": false,
        "_id": "61c71761d759b12d898faa5b"
      }
    ],
    "createdAt": "2021-12-07T18:19:06.032Z",
    "updatedAt": "2022-01-06T15:03:40.911Z",
    "__v": 4
  },
  {
    "_id": "61b00ff29e632166e19ec883",
    "user": "61af80b95f7a0d3540559def",
    "product": "61af80ba5f7a0d3540559df3",
    "possessed": false,
    "rating": 1,
    "hide": false,
    "comment": "quá tệ, sản phẩm vừa mở hộp đã tróc và rách rồi",
    "numLike": 1,
    "userLiked": ["61af80b95f7a0d3540559def"],
    "responseReview": [
      {
        "user": "61af80b95f7a0d3540559def",
        "comment": "gõ nhầm",
        "createdAt": "2022-02-19T17:38:47.307Z",
        "isAdmin": false,
        "_id": "62112b2724f748a6ea59fc19"
      },
      {
        "user": "61af80b95f7a0d3540559def",
        "comment": "chaoâ baǹ",
        "createdAt": "2022-02-19T17:38:29.408Z",
        "isAdmin": false,
        "_id": "62112b1524f748a6ea59fc09"
      },
      {
        "user": "61af80b95f7a0d3540559dee",
        "comment": "sao",
        "createdAt": "2021-12-25T15:06:46.271Z",
        "isAdmin": true,
        "_id": "61c73386de37f79efa564273"
      }
    ],
    "createdAt": "2021-12-08T01:52:50.089Z",
    "updatedAt": "2022-02-20T10:56:26.297Z",
    "__v": 3
  },
  {
    "_id": "61cac2eec2de43007c92eaac",
    "user": "61af80b95f7a0d3540559def",
    "product": "61af80ba5f7a0d3540559df3",
    "possessed": false,
    "rating": 5,
    "hide": false,
    "comment": "nhiều đấy",
    "numLike": 1,
    "userLiked": ["61af80b95f7a0d3540559def"],
    "responseReview": [
      {
        "user": "61af80b95f7a0d3540559def",
        "comment": "hay",
        "createdAt": "2022-01-22T04:06:52.565Z",
        "isAdmin": false,
        "_id": "61eb82dc227dca7d3dbda65f"
      }
    ],
    "createdAt": "2021-12-28T07:55:26.630Z",
    "updatedAt": "2022-01-22T04:06:52.568Z",
    "__v": 1
  },
  {
    "_id": "61cac326c2de43007c92eabb",
    "user": "61af80b95f7a0d3540559def",
    "product": "61af80ba5f7a0d3540559dfc",
    "possessed": false,
    "rating": 5,
    "hide": false,
    "comment": "Thời gian vận chuyển rất hợp lí. Tôi đã đặt hàng với tâm thế hào hứng chờ đợi để được trải nghiệm sản phẩm và tôi không hề bị chờ mỏi cổ. Có thể thấy bên vận chuyển không quản ngại thời tiết và đường xá xa xôi để đưa sản phẩm cho tôi trong thời gian ngắn nhất.",
    "numLike": 0,
    "userLiked": [],
    "responseReview": [],
    "createdAt": "2021-12-28T07:56:22.519Z",
    "updatedAt": "2022-01-18T09:23:47.014Z",
    "__v": 0
  },
  {
    "_id": "61caee515963d8fc38ea9ea9",
    "user": "61af80b95f7a0d3540559def",
    "product": "61af80ba5f7a0d3540559df2",
    "possessed": true,
    "rating": 5,
    "hide": false,
    "comment": "Sản phẩm giao hàng đúng thời gian, chất lượng âm thanh, hình ảnh tốt, sống động",
    "numLike": 0,
    "userLiked": [],
    "responseReview": [],
    "createdAt": "2021-12-28T11:00:33.863Z",
    "updatedAt": "2021-12-28T11:00:33.863Z",
    "__v": 0
  },
  {
    "_id": "61e0fa2cc70574be4d016aa4",
    "user": "61af80b95f7a0d3540559def",
    "product": "61af80ba5f7a0d3540559e12",
    "possessed": false,
    "rating": 4,
    "hide": false,
    "comment": "Good",
    "numLike": 0,
    "userLiked": [],
    "responseReview": [
      {
        "user": "61af80b95f7a0d3540559dee",
        "comment": "sao này",
        "createdAt": "2022-01-14T05:03:36.462Z",
        "isAdmin": true,
        "_id": "61e10428d234fef673f02991"
      }
    ],
    "createdAt": "2022-01-14T04:21:00.940Z",
    "updatedAt": "2022-01-14T05:03:36.468Z",
    "__v": 1
  },
  {
    "_id": "61e17b937bf2ceb9122aaef9",
    "user": "61c0af9f5099de0ea46fc974",
    "product": "61af80ba5f7a0d3540559dfc",
    "possessed": false,
    "rating": 3,
    "hide": false,
    "comment": "Chào em! chị có mua 1 bếp âm bên  , khi lấy ra lắp đặt thì phát hiện sản phẩm bị cong đường viền sắt giáp với mặt kính, em cho đổi lại gấp dùm chị nhé!",
    "numLike": 0,
    "userLiked": [],
    "responseReview": [
      {
        "user": "61af80b95f7a0d3540559def",
        "comment": "mình thấy sài tốt mà",
        "createdAt": "2022-02-19T17:43:37.863Z",
        "isAdmin": false,
        "_id": "62112c4984687a4f7ac1d0e1"
      },
      {
        "user": "61af80b95f7a0d3540559dee",
        "comment": "bạn gặp vấn đề gì",
        "createdAt": "2022-01-18T09:22:57.723Z",
        "isAdmin": true,
        "_id": "61e686f12e9c89e696a1fe55"
      }
    ],
    "createdAt": "2022-01-14T13:33:07.344Z",
    "updatedAt": "2022-02-19T17:43:37.882Z",
    "__v": 2
  },
  {
    "_id": "61eadd9e845491e740e375c5",
    "user": "61af80b95f7a0d3540559def",
    "product": "61af80ba5f7a0d3540559df3",
    "possessed": false,
    "rating": 4,
    "hide": false,
    "comment": "tạm ổn",
    "numLike": 1,
    "userLiked": ["61af80b95f7a0d3540559def"],
    "responseReview": [],
    "createdAt": "2022-01-21T16:21:50.596Z",
    "updatedAt": "2022-02-12T14:47:49.781Z",
    "__v": 0
  },
  {
    "_id": "61eadea7845491e740e37706",
    "user": "61c0af9f5099de0ea46fc974",
    "product": "61af80ba5f7a0d3540559e1d",
    "possessed": false,
    "rating": 4,
    "hide": false,
    "comment": "1, Sản phẩm vận chuyển đóng gói cẩn thận (hàng dễ vỡ) 2, Sản phẩm không còn SEAL bên ngoài hộp 3, Qua 6 ngày trải nghiệm => mình sài ngon lành, chưa có vấn đề gì ( mình là khách hàng dễ chịu) * Sản phẩm không hề phù hợp với bạn nào cần sản phẩm còn nguyên SEAL, nên trực tiếp ra ngoài tiệm nếu bạn là 1 khác hàng khó tính ",
    "numLike": 0,
    "userLiked": [],
    "responseReview": [],
    "createdAt": "2022-01-21T16:26:15.475Z",
    "updatedAt": "2022-01-21T16:26:15.475Z",
    "__v": 0
  },
  {
    "_id": "61eae002845491e740e377c8",
    "user": "61c0af9f5099de0ea46fc974",
    "product": "61af80ba5f7a0d3540559df4",
    "possessed": false,
    "rating": 5,
    "hide": false,
    "comment": "Máy đẹp, chạy mượt mà",
    "numLike": 0,
    "userLiked": [],
    "responseReview": [
      {
        "user": "61af80b95f7a0d3540559dee",
        "comment": "shop cám ơn bạn",
        "createdAt": "2023-02-01T15:39:07.918Z",
        "isAdmin": true,
        "_id": "63da879b1b259da45d4e39aa"
      }
    ],
    "createdAt": "2022-01-21T16:32:02.811Z",
    "updatedAt": "2023-02-01T15:39:07.923Z",
    "__v": 1
  },
  {
    "_id": "61eb83cf227dca7d3dbda860",
    "user": "61af80b95f7a0d3540559def",
    "product": "61af80ba5f7a0d3540559e1d",
    "possessed": true,
    "rating": 4,
    "hide": false,
    "comment": "Giống như mấy bạn đã từng mua sản phẩm và review khá hài lòng. Tôi cũng cực kỳ hài lòng vì tay cầm mới tanh, đóng gói kỹ với còn trong vỏ nguyên thủy, từ chính hãng Sony. Kết nối bluetooth vô PC chơi game trên Stream tuyệt vời mượt. Thêm núm để bao quản joysticks bớt mòn",
    "numLike": 0,
    "userLiked": [],
    "responseReview": [],
    "createdAt": "2022-01-22T04:10:55.807Z",
    "updatedAt": "2022-01-22T04:10:55.807Z",
    "__v": 0
  },
  {
    "_id": "61eb83e7227dca7d3dbda882",
    "user": "61af80b95f7a0d3540559def",
    "product": "61af80ba5f7a0d3540559e18",
    "possessed": false,
    "rating": 4,
    "hide": false,
    "comment": "Sản phẩm đúng mô tả, typing khá êm tai ạ 🥹🥹🥹",
    "numLike": 0,
    "userLiked": [],
    "responseReview": [],
    "createdAt": "2022-01-22T04:11:19.245Z",
    "updatedAt": "2022-01-22T04:11:19.245Z",
    "__v": 0
  },
  {
    "_id": "620fb55bbe0884083768c6f6",
    "user": "61af80b95f7a0d3540559def",
    "product": "61af80ba5f7a0d3540559e0f",
    "possessed": false,
    "rating": 5,
    "hide": false,
    "comment": "Hình ảnh đẹp, tươi tắn, âm thanh ổn, giá tốt, nói chung thì ở tầm giá này mà có được tivi android 4K, 50inch thì quá ổn. Còn độ bền thì chờ sử dụng thời gian thì mới biết được.",
    "numLike": 0,
    "userLiked": [],
    "responseReview": [],
    "createdAt": "2022-02-18T15:03:55.653Z",
    "updatedAt": "2022-02-18T15:03:55.653Z",
    "__v": 0
  },
  {
    "_id": "6231c1309749e0b2022da12d",
    "user": "6231c086dd819f3a64705dde",
    "product": "61af80ba5f7a0d3540559df3",
    "possessed": false,
    "rating": 5,
    "hide": false,
    "comment": "Giao nhanh, hàng chính hãng chất lượng tốt. Mình sử dụng máy Samsung Galaxy M32 kết nối tốt. Kiểm tra bảo hành chính hãng điện tử ok. Tuy nhiên, nhân viên giao hàng có thái độ chưa tốt lắm. Nhìn chung mình hài lòng với sản phẩm và tốc độ giao hàng. Chất lượng sẽ cần thêm thời gian kiểm chứng.",
    "numLike": 0,
    "userLiked": [],
    "responseReview": [],
    "createdAt": "2022-03-16T10:51:28.520Z",
    "updatedAt": "2022-03-16T10:51:28.520Z",
    "__v": 0
  },
  {
    "_id": "62b32db434ebd3a2032aee4c",
    "user": "61af80b95f7a0d3540559def",
    "product": "61af80ba5f7a0d3540559df4",
    "possessed": false,
    "rating": 3,
    "hide": false,
    "comment": "các ứng dụng chạy quá chậm. mởi zalo mất 2 phút mới truy cập dc",
    "numLike": 0,
    "userLiked": [],
    "responseReview": [],
    "createdAt": "2022-06-22T14:56:52.434Z",
    "updatedAt": "2022-06-22T14:56:52.434Z",
    "__v": 0
  },
  {
    "_id": "631f06ef99881f432c165bd3",
    "user": "61af80b95f7a0d3540559def",
    "product": "61af80ba5f7a0d3540559df8",
    "possessed": false,
    "rating": 4,
    "hide": false,
    "comment": "Thiết kế đẹp, gọn nhẹ, độ bền cao. Shipper khá thân thiện",
    "numLike": 0,
    "userLiked": [],
    "responseReview": [],
    "createdAt": "2022-09-12T10:16:15.264Z",
    "updatedAt": "2022-09-12T10:16:15.264Z",
    "__v": 0
  },
  {
    "_id": "63d92c0da44eae2dbd6e7d6e",
    "user": "61af80b95f7a0d3540559def",
    "product": "61af80ba5f7a0d3540559df8",
    "possessed": false,
    "rating": 5,
    "hide": false,
    "comment": "cân rẻ sài bền",
    "numLike": 0,
    "userLiked": [],
    "responseReview": [],
    "createdAt": "2023-01-31T14:56:13.986Z",
    "updatedAt": "2023-01-31T14:56:13.986Z",
    "__v": 0
  }
]
