[
  {
    "_id": {
      "$oid": "61af9e7c9d0cf10c843f0fec"
    },
    "products": [
      {
        "product": {
          "$oid": "61af80ba5f7a0d3540559df2"
        },
        "quantity": 1,
        "check": false,
        "_id": {
          "$oid": "61eb854e227dca7d3dbda953"
        }
      },
      {
        "product": {
          "$oid": "61af80ba5f7a0d3540559dfa"
        },
        "quantity": 1,
        "check": false,
        "_id": {
          "$oid": "63e85e9b5b6ba93999b21479"
        }
      }
    ],
    "orderdBy": {
      "$oid": "61af80b95f7a0d3540559def"
    },
    "createdAt": {
      "$date": {
        "$numberLong": "1638899324217"
      }
    },
    "updatedAt": {
      "$date": {
        "$numberLong": "1676172955810"
      }
    },
    "__v": 44
  },
  {
    "_id": {
      "$oid": "61afa482db773acade527e61"
    },
    "products": [],
    "orderdBy": {
      "$oid": "61af80b95f7a0d3540559df0"
    },
    "createdAt": {
      "$date": {
        "$numberLong": "1638900866630"
      }
    },
    "updatedAt": {
      "$date": {
        "$numberLong": "1638901067243"
      }
    },
    "__v": 3
  },
  {
    "_id": {
      "$oid": "61c73087b1b9d71e1b134324"
    },
    "products": [
      {
        "product": {
          "$oid": "61af80ba5f7a0d3540559dfc"
        },
        "quantity": 1,
        "check": true,
        "_id": {
          "$oid": "61c73087b1b9d71e1b134325"
        }
      }
    ],
    "orderdBy": {
      "$oid": "61b6da0537850cfd98385a6f"
    },
    "createdAt": {
      "$date": {
        "$numberLong": "1640444039568"
      }
    },
    "updatedAt": {
      "$date": {
        "$numberLong": "1640444042330"
      }
    },
    "__v": 0
  },
  {
    "_id": {
      "$oid": "61e17aef7bf2ceb9122aaeb5"
    },
    "products": [],
    "orderdBy": {
      "$oid": "61c0af9f5099de0ea46fc974"
    },
    "createdAt": {
      "$date": {
        "$numberLong": "1642167023832"
      }
    },
    "updatedAt": {
      "$date": {
        "$numberLong": "1676173337655"
      }
    },
    "__v": 3
  },
  {
    "_id": {
      "$oid": "6231c0929749e0b2022da0f6"
    },
    "products": [],
    "orderdBy": {
      "$oid": "6231c086dd819f3a64705dde"
    },
    "createdAt": {
      "$date": {
        "$numberLong": "1647427730470"
      }
    },
    "updatedAt": {
      "$date": {
        "$numberLong": "1647427842376"
      }
    },
    "__v": 0
  },
  {
    "_id": {
      "$oid": "63d88e5cc27f4bcc6577b921"
    },
    "products": [
      {
        "product": {
          "$oid": "61af80ba5f7a0d3540559e2a"
        },
        "quantity": 1,
        "check": true,
        "_id": {
          "$oid": "63d8ef41f5f3d01098adee34"
        }
      }
    ],
    "orderdBy": {
      "$oid": "61c937edc8f7d7ccc2f0e331"
    },
    "createdAt": {
      "$date": {
        "$numberLong": "1675136604159"
      }
    },
    "updatedAt": {
      "$date": {
        "$numberLong": "1675161413866"
      }
    },
    "__v": 1
  },
  {
    "_id": {
      "$oid": "63e861365b6ba93999b215fb"
    },
    "products": [],
    "orderdBy": {
      "$oid": "620e6aeb66255a36eb261382"
    },
    "createdAt": {
      "$date": {
        "$numberLong": "1676173622793"
      }
    },
    "updatedAt": {
      "$date": {
        "$numberLong": "1676173658051"
      }
    },
    "__v": 0
  }
]
