[{
  "_id": {
    "$oid": "61af9eb29d0cf10c843f101e"
  },
  "user": {
    "$oid": "61af80b95f7a0d3540559def"
  },
  "orderItems": [
    {
      "name": "Beats solo3 wireless headphones",
      "quantity": 1,
      "image": "/images/accessories/beats-solo3-wireless-headphones-1.jpg",
      "price": 185.99,
      "product": {
        "$oid": "61af80ba5f7a0d3540559df3"
      },
      "commented": false,
      "_id": {
        "$oid": "61af9eb29d0cf10c843f101f"
      }
    }
  ],
  "address": "26a , Phường Trường Thọ , Thành Phố Thủ Đức , Hồ Chí Minh",
  "paymentMethod": "Stripe Card",
  "phone": "0123456789",
  "paymentResult": {
    "id": "pi_3K47nIBQxomxIO4F1ok54KAh",
    "status": "succeeded",
    "created": {
      "$date": {
        "$numberLong": "1638899376000"
      }
    },
    "receipt_email": "nmth206@gmail.com",
    "receipt_name": "Ngô Minh Thành"
  },
  "totalPrice": 185.99,
  "shippingPrice": 1.86,
  "discountPrice": 10,
  "total": 177.85,
  "status": "Getting Product",
  "statusTime": [
    {
      "$date": {
        "$numberLong": "1638899764356"
      }
    },
    {
      "$date": {
        "$numberLong": "1638899552280"
      }
    },
    {
      "$date": {
        "$numberLong": "1638899378347"
      }
    }
  ],
  "createdAt": {
    "$date": {
      "$numberLong": "1638899378352"
    }
  },
  "updatedAt": {
    "$date": {
      "$numberLong": "1638899764357"
    }
  },
  "__v": 0
},{
  "_id": {
    "$oid": "61af9ed777ae011e5047e194"
  },
  "user": {
    "$oid": "61af80b95f7a0d3540559def"
  },
  "orderItems": [
    {
      "name": "Electronic Kitchen Scale 5kg Electronic Kitchen Scale",
      "quantity": 1,
      "image": "/images/kitchen-appliances/1.jpg",
      "price": 89,
      "product": {
        "$oid": "61af80ba5f7a0d3540559df8"
      },
      "commented": false,
      "_id": {
        "$oid": "61af9ed777ae011e5047e195"
      }
    }
  ],
  "address": "26a , Phường Trường Thọ , Thành Phố Thủ Đức , Hồ Chí Minh",
  "paymentMethod": "zaloPay",
  "phone": "0123456789",
  "paymentResult": {
    "id": "211208_333122",
    "status": "success",
    "created": {
      "$date": {
        "$numberLong": "1638899389794"
      }
    },
    "receipt_email": "nmth206@gmail.com",
    "receipt_name": "Ngô Minh Thành"
  },
  "totalPrice": 89,
  "shippingPrice": 0.89,
  "discountPrice": 0,
  "total": 89.89,
  "status": "Getting Product",
  "statusTime": [
    {
      "$date": {
        "$numberLong": "1638899776723"
      }
    },
    {
      "$date": {
        "$numberLong": "1638899565665"
      }
    },
    {
      "$date": {
        "$numberLong": "1638899415161"
      }
    }
  ],
  "createdAt": {
    "$date": {
      "$numberLong": "1638899415172"
    }
  },
  "updatedAt": {
    "$date": {
      "$numberLong": "1638899776723"
    }
  },
  "__v": 0
},{
  "_id": {
    "$oid": "61af9f399e2a4c22ce0a0d3a"
  },
  "user": {
    "$oid": "61af80b95f7a0d3540559def"
  },
  "orderItems": [
    {
      "name": "Beurer KS25 Digital Kitchen Scales",
      "quantity": 2,
      "image": "/images/kitchen-appliances/3.jpg",
      "price": 39.99,
      "product": {
        "$oid": "61af80ba5f7a0d3540559dfc"
      },
      "commented": false,
      "_id": {
        "$oid": "61af9f399e2a4c22ce0a0d3b"
      }
    }
  ],
  "address": "26a , Phường Trường Thọ , Thành Phố Thủ Đức , Hồ Chí Minh",
  "paymentMethod": "MoMo",
  "phone": "0123456789",
  "paymentResult": {
    "id": "MOMO1638899484506",
    "status": "success",
    "created": {
      "$date": {
        "$numberLong": "1638899488463"
      }
    },
    "receipt_email": "nmth206@gmail.com",
    "receipt_name": "Ngô Minh Thành"
  },
  "totalPrice": 79.98,
  "shippingPrice": 0.8,
  "discountPrice": 0,
  "total": 80.78,
  "status": "Ordered Successfully",
  "statusTime": [
    {
      "$date": {
        "$numberLong": "1638899513853"
      }
    }
  ],
  "createdAt": {
    "$date": {
      "$numberLong": "1638899513862"
    }
  },
  "updatedAt": {
    "$date": {
      "$numberLong": "1638899513862"
    }
  },
  "__v": 0
},{
  "_id": {
    "$oid": "61afa49edb773acade527e8b"
  },
  "user": {
    "$oid": "61af80b95f7a0d3540559df0"
  },
  "orderItems": [
    {
      "name": "Laptop Apple Macbook Air Retina MREE2LL/A VN/A",
      "quantity": 1,
      "image": "/images/laptops/8.jpg",
      "price": 648.99,
      "product": {
        "$oid": "61af80ba5f7a0d3540559df2"
      },
      "commented": true,
      "_id": {
        "$oid": "61afa49edb773acade527e8c"
      }
    }
  ],
  "address": "22/4 , Phường Bến Thành , Quận 1 , Hồ Chí Minh",
  "paymentMethod": "cash",
  "phone": "0234567893",
  "paymentResult": {
    "receipt_email": "cutre@example.com",
    "receipt_name": "cu tre"
  },
  "totalPrice": 648.99,
  "shippingPrice": 6.49,
  "discountPrice": 0,
  "total": 655.48,
  "status": "Ordered Successfully",
  "statusTime": [
    {
      "$date": {
        "$numberLong": "1638900894484"
      }
    }
  ],
  "createdAt": {
    "$date": {
      "$numberLong": "1638900894488"
    }
  },
  "updatedAt": {
    "$date": {
      "$numberLong": "1638901146036"
    }
  },
  "__v": 0
},{
  "_id": {
    "$oid": "61afa4e114710cd76dc85930"
  },
  "user": {
    "$oid": "61af80b95f7a0d3540559df0"
  },
  "orderItems": [
    {
      "name": "Philips HD9339/81 Super Speed ​​Kettle – Imported From Germany",
      "quantity": 1,
      "image": "/images/kitchen-appliances/8.jpg",
      "price": 39.99,
      "product": {
        "$oid": "61af80ba5f7a0d3540559e0d"
      },
      "commented": false,
      "_id": {
        "$oid": "61afa4e114710cd76dc85931"
      }
    }
  ],
  "address": "22/4 , Phường Bến Thành , Quận 1 , Hồ Chí Minh",
  "paymentMethod": "paypal",
  "phone": "0234567893",
  "paymentResult": {
    "id": "93E675261U6309333",
    "status": "COMPLETED",
    "created": {
      "$date": {
        "$numberLong": "1638900960000"
      }
    },
    "receipt_email": "cutre@example.com",
    "receipt_name": "cu tre"
  },
  "totalPrice": 39.99,
  "shippingPrice": 0.4,
  "discountPrice": 0,
  "total": 40.39,
  "status": "Ordered Successfully",
  "statusTime": [
    {
      "$date": {
        "$numberLong": "1638900961658"
      }
    }
  ],
  "createdAt": {
    "$date": {
      "$numberLong": "1638900961663"
    }
  },
  "updatedAt": {
    "$date": {
      "$numberLong": "1638900961663"
    }
  },
  "__v": 0
},{
  "_id": {
    "$oid": "61afa517db773acade527eba"
  },
  "user": {
    "$oid": "61af80b95f7a0d3540559df0"
  },
  "orderItems": [
    {
      "name": "Laptop Asus D409DA-EK095T",
      "quantity": 1,
      "image": "/images/laptops/3.jpg",
      "price": 399,
      "product": {
        "$oid": "61af80ba5f7a0d3540559df9"
      },
      "commented": true,
      "_id": {
        "$oid": "61afa517db773acade527ebb"
      }
    }
  ],
  "address": "22/4 , Phường Bến Thành , Quận 1 , Hồ Chí Minh",
  "paymentMethod": "Stripe Card",
  "phone": "0234567893",
  "paymentResult": {
    "id": "pi_3K48DhBQxomxIO4F2ig2nIfM",
    "status": "succeeded",
    "created": {
      "$date": {
        "$numberLong": "1638901013000"
      }
    },
    "receipt_email": "cutre@example.com",
    "receipt_name": "cu tre"
  },
  "totalPrice": 399,
  "shippingPrice": 3.99,
  "discountPrice": 0,
  "total": 402.99,
  "status": "Getting Product",
  "statusTime": [
    {
      "$date": {
        "$numberLong": "1638926959891"
      }
    },
    {
      "$date": {
        "$numberLong": "1638901094508"
      }
    },
    {
      "$date": {
        "$numberLong": "1638901015025"
      }
    }
  ],
  "createdAt": {
    "$date": {
      "$numberLong": "1638901015029"
    }
  },
  "updatedAt": {
    "$date": {
      "$numberLong": "1638926959892"
    }
  },
  "__v": 0
},{
  "_id": {
    "$oid": "61afa54bdb773acade527eeb"
  },
  "user": {
    "$oid": "61af80b95f7a0d3540559df0"
  },
  "orderItems": [
    {
      "name": "WMF Lono Tischgrill Flach & Gerippt . Electric Grill",
      "quantity": 1,
      "image": "/images/kitchen-appliances/10.jpg",
      "price": 49.95,
      "product": {
        "$oid": "61af80ba5f7a0d3540559e12"
      },
      "commented": true,
      "_id": {
        "$oid": "61afa54bdb773acade527eec"
      }
    }
  ],
  "address": "22/4 , Phường Bến Thành , Quận 1 , Hồ Chí Minh",
  "paymentMethod": "MoMo",
  "phone": "0234567893",
  "paymentResult": {
    "id": "MOMO1638901044104",
    "status": "success",
    "created": {
      "$date": {
        "$numberLong": "1638901041858"
      }
    },
    "receipt_email": "cutre@example.com",
    "receipt_name": "cu tre"
  },
  "totalPrice": 49.95,
  "shippingPrice": 0.5,
  "discountPrice": 0,
  "total": 50.45,
  "status": "Ordered Successfully",
  "statusTime": [
    {
      "$date": {
        "$numberLong": "1638901067234"
      }
    }
  ],
  "createdAt": {
    "$date": {
      "$numberLong": "1638901067237"
    }
  },
  "updatedAt": {
    "$date": {
      "$numberLong": "1638901117884"
    }
  },
  "__v": 0
},{
  "_id": {
    "$oid": "61b00f953218474e2876a7c8"
  },
  "user": {
    "$oid": "61af80b95f7a0d3540559def"
  },
  "orderItems": [
    {
      "name": "Beats solo3 wireless headphones",
      "quantity": 1,
      "image": "/images/accessories/beats-solo3-wireless-headphones-1.jpg",
      "price": 185.99,
      "product": {
        "$oid": "61af80ba5f7a0d3540559df3"
      },
      "commented": true,
      "_id": {
        "$oid": "61b00f953218474e2876a7c9"
      }
    }
  ],
  "address": "26a , Phường Trường Thọ , Thành Phố Thủ Đức , Hồ Chí Minh",
  "paymentMethod": "cash",
  "phone": "0123456789",
  "paymentResult": {
    "receipt_email": "nmth206@gmail.com",
    "receipt_name": "Ngô Minh Thành"
  },
  "totalPrice": 185.99,
  "shippingPrice": 1.86,
  "discountPrice": 0,
  "total": 187.85,
  "status": "Ordered Successfully",
  "statusTime": [
    {
      "$date": {
        "$numberLong": "1638928277577"
      }
    }
  ],
  "createdAt": {
    "$date": {
      "$numberLong": "1638928277582"
    }
  },
  "updatedAt": {
    "$date": {
      "$numberLong": "1638928370102"
    }
  },
  "__v": 0
},{
  "_id": {
    "$oid": "61b07adf818c8f59290db35c"
  },
  "user": {
    "$oid": "61af80b95f7a0d3540559def"
  },
  "orderItems": [
    {
      "name": "Electronic Kitchen Scale 5kg Electronic Kitchen Scale",
      "quantity": 1,
      "image": "/images/kitchen-appliances/1.jpg",
      "price": 89,
      "product": {
        "$oid": "61af80ba5f7a0d3540559df8"
      },
      "commented": false,
      "_id": {
        "$oid": "61b07adf818c8f59290db35d"
      }
    }
  ],
  "address": "26a , Phường Trường Thọ , Thành Phố Thủ Đức , Hồ Chí Minh",
  "paymentMethod": "cash",
  "phone": "0123456789",
  "paymentResult": {
    "receipt_email": "nmth206@gmail.com",
    "receipt_name": "Ngô Minh Thành"
  },
  "totalPrice": 89,
  "shippingPrice": 0.89,
  "discountPrice": 0,
  "total": 89.89,
  "status": "Ordered Successfully",
  "statusTime": [
    {
      "$date": {
        "$numberLong": "1638955743453"
      }
    }
  ],
  "createdAt": {
    "$date": {
      "$numberLong": "1638955743459"
    }
  },
  "updatedAt": {
    "$date": {
      "$numberLong": "1638955743459"
    }
  },
  "__v": 0
},{
  "_id": {
    "$oid": "61c6f8f71e0dae5c123f9fed"
  },
  "user": {
    "$oid": "61af80b95f7a0d3540559def"
  },
  "orderItems": [
    {
      "name": "Beurer KS25 Digital Kitchen Scales",
      "quantity": 1,
      "image": "/images/kitchen-appliances/3.jpg",
      "price": 39.99,
      "product": {
        "$oid": "61af80ba5f7a0d3540559dfc"
      },
      "commented": false,
      "_id": {
        "$oid": "61c6f8f71e0dae5c123f9fee"
      }
    }
  ],
  "address": "26a , Phường Trường Thọ , Thành Phố Thủ Đức , Hồ Chí Minh",
  "paymentMethod": "cash",
  "phone": "0123456789",
  "paymentResult": {
    "receipt_email": "nmth206@gmail.com",
    "receipt_name": "Ngô Minh Thành"
  },
  "totalPrice": 39.99,
  "shippingPrice": 0.4,
  "discountPrice": 0,
  "total": 40.39,
  "status": "Ordered Successfully",
  "statusTime": [
    {
      "$date": {
        "$numberLong": "1640429815829"
      }
    }
  ],
  "createdAt": {
    "$date": {
      "$numberLong": "1640429815838"
    }
  },
  "updatedAt": {
    "$date": {
      "$numberLong": "1640429815838"
    }
  },
  "__v": 0
},{
  "_id": {
    "$oid": "61c6f8f7602a20b43639d625"
  },
  "user": {
    "$oid": "61af80b95f7a0d3540559def"
  },
  "orderItems": [
    {
      "name": "Beurer KS25 Digital Kitchen Scales",
      "quantity": 1,
      "image": "/images/kitchen-appliances/3.jpg",
      "price": 39.99,
      "product": {
        "$oid": "61af80ba5f7a0d3540559dfc"
      },
      "commented": true,
      "_id": {
        "$oid": "61c6f8f7602a20b43639d626"
      }
    }
  ],
  "address": "26a , Phường Trường Thọ , Thành Phố Thủ Đức , Hồ Chí Minh",
  "paymentMethod": "cash",
  "phone": "0123456789",
  "paymentResult": {
    "receipt_email": "nmth206@gmail.com",
    "receipt_name": "Ngô Minh Thành"
  },
  "totalPrice": 39.99,
  "shippingPrice": 0.4,
  "discountPrice": 0,
  "total": 40.39,
  "status": "Ordered Successfully",
  "statusTime": [
    {
      "$date": {
        "$numberLong": "1640429815934"
      }
    }
  ],
  "createdAt": {
    "$date": {
      "$numberLong": "1640429815952"
    }
  },
  "updatedAt": {
    "$date": {
      "$numberLong": "1640678182529"
    }
  },
  "__v": 0
},{
  "_id": {
    "$oid": "61c7165765af4cd43864a49b"
  },
  "user": {
    "$oid": "61af80b95f7a0d3540559def"
  },
  "orderItems": [
    {
      "name": "Laptop Apple Macbook Air Retina MREE2LL/A VN/A",
      "quantity": 1,
      "image": "/images/laptops/8.jpg",
      "price": 648.99,
      "product": {
        "$oid": "61af80ba5f7a0d3540559df2"
      },
      "commented": false,
      "_id": {
        "$oid": "61c7165765af4cd43864a49c"
      }
    }
  ],
  "address": "26a , Phường Trường Thọ , Thành Phố Thủ Đức , Hồ Chí Minh",
  "paymentMethod": "cash",
  "phone": "0123456789",
  "paymentResult": {
    "receipt_email": "nmth206@gmail.com",
    "receipt_name": "Ngô Minh Thành"
  },
  "totalPrice": 648.99,
  "shippingPrice": 6.49,
  "discountPrice": 0,
  "total": 655.48,
  "status": "Ordered Successfully",
  "statusTime": [
    {
      "$date": {
        "$numberLong": "1640437335273"
      }
    }
  ],
  "createdAt": {
    "$date": {
      "$numberLong": "1640437335289"
    }
  },
  "updatedAt": {
    "$date": {
      "$numberLong": "1640437335289"
    }
  },
  "__v": 0
},{
  "_id": {
    "$oid": "61c7249ff3f95da35ebf4441"
  },
  "user": {
    "$oid": "61af80b95f7a0d3540559def"
  },
  "orderItems": [
    {
      "name": "Beats solo3 wireless headphones",
      "quantity": 2,
      "image": "/images/accessories/beats-solo3-wireless-headphones-1.jpg",
      "price": 185.99,
      "product": {
        "$oid": "61af80ba5f7a0d3540559df3"
      },
      "commented": false,
      "_id": {
        "$oid": "61c7249ff3f95da35ebf4442"
      }
    }
  ],
  "address": "26a , Phường Trường Thọ , Thành Phố Thủ Đức , Hồ Chí Minh",
  "paymentMethod": "zaloPay",
  "phone": "0123456789",
  "paymentResult": {
    "id": "211225_859128",
    "status": "success",
    "created": {
      "$date": {
        "$numberLong": "1640440991553"
      }
    },
    "receipt_email": "nmth206@gmail.com",
    "receipt_name": "Ngô Minh Thành"
  },
  "totalPrice": 371.98,
  "shippingPrice": 3.72,
  "discountPrice": 0,
  "total": 375.7,
  "status": "Shop Received",
  "statusTime": [
    {
      "$date": {
        "$numberLong": "1640444554824"
      }
    },
    {
      "$date": {
        "$numberLong": "1640440991950"
      }
    }
  ],
  "createdAt": {
    "$date": {
      "$numberLong": "1640440991968"
    }
  },
  "updatedAt": {
    "$date": {
      "$numberLong": "1640444554824"
    }
  },
  "__v": 0
},{
  "_id": {
    "$oid": "61c72b64de37f79efa564237"
  },
  "user": {
    "$oid": "61af80b95f7a0d3540559def"
  },
  "orderItems": [
    {
      "name": "Laptop Apple Macbook Air Retina MREE2LL/A VN/A",
      "quantity": 1,
      "image": "/images/laptops/8.jpg",
      "price": 648.99,
      "product": {
        "$oid": "61af80ba5f7a0d3540559df2"
      },
      "commented": true,
      "_id": {
        "$oid": "61c72b64de37f79efa564238"
      }
    }
  ],
  "address": "26a , Phường Trường Thọ , Thành Phố Thủ Đức , Hồ Chí Minh",
  "paymentMethod": "zaloPay",
  "phone": "0123456789",
  "paymentResult": {
    "id": "211225_859128",
    "status": "success",
    "created": {
      "$date": {
        "$numberLong": "1640442723999"
      }
    },
    "receipt_email": "nmth206@gmail.com",
    "receipt_name": "Ngô Minh Thành"
  },
  "totalPrice": 648.99,
  "shippingPrice": 6.49,
  "discountPrice": 0,
  "total": 655.48,
  "status": "Delivered",
  "statusTime": [
    {
      "$date": {
        "$numberLong": "1640689185264"
      }
    },
    {
      "$date": {
        "$numberLong": "1640689181533"
      }
    },
    {
      "$date": {
        "$numberLong": "1640689176955"
      }
    },
    {
      "$date": {
        "$numberLong": "1640689172385"
      }
    },
    {
      "$date": {
        "$numberLong": "1640689168431"
      }
    },
    {
      "$date": {
        "$numberLong": "1640689161278"
      }
    },
    {
      "$date": {
        "$numberLong": "1640442724325"
      }
    }
  ],
  "createdAt": {
    "$date": {
      "$numberLong": "1640442724343"
    }
  },
  "updatedAt": {
    "$date": {
      "$numberLong": "1640689233876"
    }
  },
  "__v": 0
},{
  "_id": {
    "$oid": "61c72c5044347499811735c2"
  },
  "user": {
    "$oid": "61af80b95f7a0d3540559def"
  },
  "orderItems": [
    {
      "name": "Philips HD9339/81 Super Speed ​​Kettle – Imported From Germany",
      "quantity": 1,
      "image": "/images/kitchen-appliances/8.jpg",
      "price": 39.99,
      "product": {
        "$oid": "61af80ba5f7a0d3540559e0d"
      },
      "commented": false,
      "_id": {
        "$oid": "61c72c5044347499811735c3"
      }
    }
  ],
  "address": "26a , Phường Trường Thọ , Thành Phố Thủ Đức , Hồ Chí Minh",
  "paymentMethod": "paypal",
  "phone": "0123456789",
  "paymentResult": {
    "id": "5HB2660381387702G",
    "status": "COMPLETED",
    "created": {
      "$date": {
        "$numberLong": "1640442959000"
      }
    },
    "receipt_email": "nmth206@gmail.com",
    "receipt_name": "Ngô Minh Thành"
  },
  "totalPrice": 39.99,
  "shippingPrice": 0.4,
  "discountPrice": 0,
  "total": 40.39,
  "status": "Ordered Successfully",
  "statusTime": [
    {
      "$date": {
        "$numberLong": "1640442960905"
      }
    }
  ],
  "createdAt": {
    "$date": {
      "$numberLong": "1640442960910"
    }
  },
  "updatedAt": {
    "$date": {
      "$numberLong": "1640442960910"
    }
  },
  "__v": 0
},{
  "_id": {
    "$oid": "61c72d629f7a6cb364f2cd19"
  },
  "user": {
    "$oid": "61af80b95f7a0d3540559def"
  },
  "orderItems": [
    {
      "name": "Beats solo3 wireless headphones",
      "quantity": 1,
      "image": "/images/accessories/beats-solo3-wireless-headphones-1.jpg",
      "price": 185.99,
      "product": {
        "$oid": "61af80ba5f7a0d3540559df3"
      },
      "commented": true,
      "_id": {
        "$oid": "61c72d629f7a6cb364f2cd1a"
      }
    }
  ],
  "address": "26a , Phường Trường Thọ , Thành Phố Thủ Đức , Hồ Chí Minh",
  "paymentMethod": "Stripe Card",
  "phone": "0123456789",
  "paymentResult": {
    "id": "pi_3KAbQDBQxomxIO4F2UZ1jzYS",
    "status": "succeeded",
    "created": {
      "$date": {
        "$numberLong": "1640443233000"
      }
    },
    "receipt_email": "nmth206@gmail.com",
    "receipt_name": "Ngô Minh Thành"
  },
  "totalPrice": 185.99,
  "shippingPrice": 1.86,
  "discountPrice": 0,
  "total": 187.85,
  "status": "Delivered",
  "statusTime": [
    {
      "$date": {
        "$numberLong": "1640689116962"
      }
    },
    {
      "$date": {
        "$numberLong": "1640689087727"
      }
    },
    {
      "$date": {
        "$numberLong": "1640689083221"
      }
    },
    {
      "$date": {
        "$numberLong": "1640689075766"
      }
    },
    {
      "$date": {
        "$numberLong": "1640689070965"
      }
    },
    {
      "$date": {
        "$numberLong": "1640444610974"
      }
    },
    {
      "$date": {
        "$numberLong": "1640443234882"
      }
    }
  ],
  "createdAt": {
    "$date": {
      "$numberLong": "1640443234888"
    }
  },
  "updatedAt": {
    "$date": {
      "$numberLong": "1640689116962"
    }
  },
  "__v": 0
},{
  "_id": {
    "$oid": "61caf000781a1b9a4860d472"
  },
  "user": {
    "$oid": "61af80b95f7a0d3540559def"
  },
  "orderItems": [
    {
      "name": "Beurer KS25 Digital Kitchen Scales",
      "quantity": 1,
      "image": "/images/kitchen-appliances/3.jpg",
      "price": 39.99,
      "product": {
        "$oid": "61af80ba5f7a0d3540559dfc"
      },
      "commented": false,
      "_id": {
        "$oid": "61caf000781a1b9a4860d473"
      }
    }
  ],
  "address": "26a , Phường Trường Thọ , Thành Phố Thủ Đức , Hồ Chí Minh",
  "paymentMethod": "MoMo",
  "phone": "0123456789",
  "paymentResult": {
    "id": "MOMO1640689622195",
    "status": "success",
    "created": {
      "$date": {
        "$numberLong": "1640689653959"
      }
    },
    "receipt_email": "nmth206@gmail.com",
    "receipt_name": "Ngô Minh Thành"
  },
  "totalPrice": 39.99,
  "shippingPrice": 0.4,
  "discountPrice": 0,
  "total": 40.39,
  "status": "Ordered Successfully",
  "statusTime": [
    {
      "$date": {
        "$numberLong": "1640689664630"
      }
    }
  ],
  "createdAt": {
    "$date": {
      "$numberLong": "1640689664639"
    }
  },
  "updatedAt": {
    "$date": {
      "$numberLong": "1640689664639"
    }
  },
  "__v": 0
},{
  "_id": {
    "$oid": "61caf23003d117c00523b398"
  },
  "user": {
    "$oid": "61af80b95f7a0d3540559def"
  },
  "orderItems": [
    {
      "name": "iPhone 11 Pro Max 64GB GOLD GRAY SILVER",
      "quantity": 1,
      "image": "/images/smartphones/9.jpg",
      "price": 108,
      "product": {
        "$oid": "61af80ba5f7a0d3540559dfa"
      },
      "commented": false,
      "_id": {
        "$oid": "61caf23003d117c00523b399"
      }
    }
  ],
  "address": "26a , Phường Trường Thọ , Thành Phố Thủ Đức , Hồ Chí Minh",
  "paymentMethod": "cash",
  "phone": "0123456789",
  "paymentResult": {
    "receipt_email": "nmth206@gmail.com",
    "receipt_name": "Ngô Minh Thành"
  },
  "totalPrice": 108,
  "shippingPrice": 1.08,
  "discountPrice": 0,
  "total": 109.08,
  "status": "Ordered Successfully",
  "statusTime": [
    {
      "$date": {
        "$numberLong": "1640690224629"
      }
    }
  ],
  "createdAt": {
    "$date": {
      "$numberLong": "1640690224635"
    }
  },
  "updatedAt": {
    "$date": {
      "$numberLong": "1640690224635"
    }
  },
  "__v": 0
},{
  "_id": {
    "$oid": "61cc04988ca81136a5ef16f5"
  },
  "user": {
    "$oid": "61af80b95f7a0d3540559def"
  },
  "orderItems": [
    {
      "name": "WMF Lono Tischgrill Flach & Gerippt . Electric Grill",
      "quantity": 1,
      "image": "/images/kitchen-appliances/10.jpg",
      "price": 49.95,
      "product": {
        "$oid": "61af80ba5f7a0d3540559e12"
      },
      "commented": true,
      "_id": {
        "$oid": "61cc04988ca81136a5ef16f6"
      }
    }
  ],
  "address": "26a , Phường Trường Thọ , Thành Phố Thủ Đức , Hồ Chí Minh",
  "paymentMethod": "zaloPay",
  "phone": "0123456789",
  "paymentResult": {
    "id": "211229_338468",
    "status": "success",
    "created": {
      "$date": {
        "$numberLong": "1640760472653"
      }
    },
    "receipt_email": "nmth206@gmail.com",
    "receipt_name": "Ngô Minh Thành"
  },
  "totalPrice": 49.95,
  "shippingPrice": 0.5,
  "discountPrice": 10,
  "total": 40.45,
  "status": "Ordered Successfully",
  "statusTime": [
    {
      "$date": {
        "$numberLong": "1640760472842"
      }
    }
  ],
  "createdAt": {
    "$date": {
      "$numberLong": "1640760472849"
    }
  },
  "updatedAt": {
    "$date": {
      "$numberLong": "1642134060962"
    }
  },
  "__v": 0
},{
  "_id": {
    "$oid": "61e0f4f115dbfee454cc29f5"
  },
  "user": {
    "$oid": "61af80b95f7a0d3540559def"
  },
  "orderItems": [
    {
      "name": "Electronic Kitchen Scale 5kg Electronic Kitchen Scale",
      "quantity": 1,
      "image": "/images/kitchen-appliances/1.jpg",
      "price": 89,
      "product": {
        "$oid": "61af80ba5f7a0d3540559df8"
      },
      "commented": false,
      "_id": {
        "$oid": "61e0f4f115dbfee454cc29f6"
      }
    }
  ],
  "address": "26a , Phường Trường Thọ , Thành Phố Thủ Đức , Hồ Chí Minh",
  "paymentMethod": "cash",
  "phone": "0123456789",
  "paymentResult": {
    "receipt_email": "nmth206@gmail.com",
    "receipt_name": "Ngô Minh Thành"
  },
  "totalPrice": 89,
  "shippingPrice": 0.89,
  "discountPrice": 0,
  "total": 89.89,
  "status": "Cancelled",
  "statusTime": [
    {
      "$date": {
        "$numberLong": "1642133706200"
      }
    },
    {
      "$date": {
        "$numberLong": "1642132721304"
      }
    }
  ],
  "createdAt": {
    "$date": {
      "$numberLong": "1642132721326"
    }
  },
  "updatedAt": {
    "$date": {
      "$numberLong": "1642133706208"
    }
  },
  "__v": 1
},{
  "_id": {
    "$oid": "61e179f37bf2ceb9122aae3e"
  },
  "user": {
    "$oid": "61af80b95f7a0d3540559def"
  },
  "orderItems": [
    {
      "name": "Beurer KS25 Digital Kitchen Scales",
      "quantity": 1,
      "image": "/images/kitchen-appliances/3.jpg",
      "price": 39.99,
      "product": {
        "$oid": "61af80ba5f7a0d3540559dfc"
      },
      "commented": false,
      "_id": {
        "$oid": "61e179f37bf2ceb9122aae3f"
      }
    }
  ],
  "address": "26a , Phường Trường Thọ , Thành Phố Thủ Đức , Hồ Chí Minh",
  "paymentMethod": "cash",
  "phone": "0123456789",
  "paymentResult": {
    "receipt_email": "nmth206@gmail.com",
    "receipt_name": "Ngô Minh Thành"
  },
  "totalPrice": 39.99,
  "shippingPrice": 0.4,
  "discountPrice": 0,
  "total": 40.39,
  "status": "Ordered Successfully",
  "statusTime": [
    {
      "$date": {
        "$numberLong": "1642166771756"
      }
    }
  ],
  "createdAt": {
    "$date": {
      "$numberLong": "1642166771764"
    }
  },
  "updatedAt": {
    "$date": {
      "$numberLong": "1642166771764"
    }
  },
  "__v": 0
},{
  "_id": {
    "$oid": "61e17b3b7bf2ceb9122aaeec"
  },
  "user": {
    "$oid": "61c0af9f5099de0ea46fc974"
  },
  "orderItems": [
    {
      "name": "Beurer KS25 Digital Kitchen Scales",
      "quantity": 1,
      "image": "/images/kitchen-appliances/3.jpg",
      "price": 39.99,
      "product": {
        "$oid": "61af80ba5f7a0d3540559dfc"
      },
      "commented": true,
      "_id": {
        "$oid": "61e17b3b7bf2ceb9122aaeed"
      }
    }
  ],
  "address": "22/4 , Xã Quốc Tuấn , Huyện An Dương , Hải Phòng",
  "paymentMethod": "paypal",
  "phone": "0233234234",
  "paymentResult": {
    "id": "91Y60655K52778233",
    "status": "COMPLETED",
    "created": {
      "$date": {
        "$numberLong": "1642167098000"
      }
    },
    "receipt_email": "sonhoangdang0612@gmail.com",
    "receipt_name": "Sơn"
  },
  "totalPrice": 39.99,
  "shippingPrice": 0.4,
  "discountPrice": 10,
  "total": 30.39,
  "status": "Ordered Successfully",
  "statusTime": [
    {
      "$date": {
        "$numberLong": "1642167099856"
      }
    }
  ],
  "createdAt": {
    "$date": {
      "$numberLong": "1642167099865"
    }
  },
  "updatedAt": {
    "$date": {
      "$numberLong": "1642167187595"
    }
  },
  "__v": 0
},{
  "_id": {
    "$oid": "61e18130a29a1b47138394c1"
  },
  "user": {
    "$oid": "61af80b95f7a0d3540559def"
  },
  "orderItems": [
    {
      "name": "Brita Marella Cool 2.4L Blue Water Filter Bottle",
      "quantity": 2,
      "image": "/images/kitchen-appliances/5.jpg",
      "price": 180,
      "product": {
        "$oid": "61af80ba5f7a0d3540559e1c"
      },
      "commented": false,
      "_id": {
        "$oid": "61e18130a29a1b47138394c2"
      }
    }
  ],
  "address": "26a , Phường Trường Thọ , Thành Phố Thủ Đức , Hồ Chí Minh",
  "paymentMethod": "Stripe Card",
  "phone": "0123456789",
  "paymentResult": {
    "id": "pi_3KHqH4BQxomxIO4F0J5g5H08",
    "status": "succeeded",
    "created": {
      "$date": {
        "$numberLong": "1642168622000"
      }
    },
    "receipt_email": "nmth206@gmail.com",
    "receipt_name": "Ngô Minh Thành"
  },
  "totalPrice": 360,
  "shippingPrice": 3.6,
  "discountPrice": 0,
  "total": 363.6,
  "status": "Packing",
  "statusTime": [
    {
      "$date": {
        "$numberLong": "1642497041054"
      }
    },
    {
      "$date": {
        "$numberLong": "1642497033816"
      }
    },
    {
      "$date": {
        "$numberLong": "1642497028321"
      }
    },
    {
      "$date": {
        "$numberLong": "1642168624466"
      }
    }
  ],
  "createdAt": {
    "$date": {
      "$numberLong": "1642168624473"
    }
  },
  "updatedAt": {
    "$date": {
      "$numberLong": "1642497041055"
    }
  },
  "__v": 0
},{
  "_id": {
    "$oid": "61e1a13b0d8876a2fc03b7db"
  },
  "user": {
    "$oid": "61af80b95f7a0d3540559def"
  },
  "orderItems": [
    {
      "name": "PlayStation 4",
      "quantity": 2,
      "image": "/images/accessories/PlayStation-4-1.jpg",
      "price": 14.1,
      "product": {
        "$oid": "61af80ba5f7a0d3540559e1d"
      },
      "commented": false,
      "_id": {
        "$oid": "61e1a13b0d8876a2fc03b7dc"
      }
    }
  ],
  "address": "26a , Phường Trường Thọ , Thành Phố Thủ Đức , Hồ Chí Minh",
  "paymentMethod": "zaloPay",
  "phone": "0123456789",
  "paymentResult": {
    "id": "220114_98037",
    "status": "success",
    "created": {
      "$date": {
        "$numberLong": "1642176827284"
      }
    },
    "receipt_email": "nmth206@gmail.com",
    "receipt_name": "Ngô Minh Thành"
  },
  "totalPrice": 28.2,
  "shippingPrice": 0.28,
  "discountPrice": 10,
  "total": 18.48,
  "status": "Shop Received",
  "statusTime": [
    {
      "$date": {
        "$numberLong": "1642699395532"
      }
    },
    {
      "$date": {
        "$numberLong": "1642176827528"
      }
    }
  ],
  "createdAt": {
    "$date": {
      "$numberLong": "1642176827534"
    }
  },
  "updatedAt": {
    "$date": {
      "$numberLong": "1642699395532"
    }
  },
  "__v": 0
},{
  "_id": {
    "$oid": "61e1a1da0d8876a2fc03b847"
  },
  "user": {
    "$oid": "61af80b95f7a0d3540559def"
  },
  "orderItems": [
    {
      "name": "Xbox Wireless Controller",
      "quantity": 1,
      "image": "/images/accessories/Xbox-Wireless-Controller-1.jpg",
      "price": 89,
      "product": {
        "$oid": "61af80ba5f7a0d3540559e20"
      },
      "commented": false,
      "_id": {
        "$oid": "61e1a1da0d8876a2fc03b848"
      }
    }
  ],
  "address": "26a , Phường Trường Thọ , Thành Phố Thủ Đức , Hồ Chí Minh",
  "paymentMethod": "MoMo",
  "phone": "0123456789",
  "paymentResult": {
    "id": "MOMO1642176956701",
    "status": "success",
    "created": {
      "$date": {
        "$numberLong": "1642176986106"
      }
    },
    "receipt_email": "nmth206@gmail.com",
    "receipt_name": "Ngô Minh Thành"
  },
  "totalPrice": 89,
  "shippingPrice": 0.89,
  "discountPrice": 0,
  "total": 89.89,
  "status": "Getting Product",
  "statusTime": [
    {
      "$date": {
        "$numberLong": "1642699383176"
      }
    },
    {
      "$date": {
        "$numberLong": "1642497019192"
      }
    },
    {
      "$date": {
        "$numberLong": "1642176986328"
      }
    }
  ],
  "createdAt": {
    "$date": {
      "$numberLong": "1642176986332"
    }
  },
  "updatedAt": {
    "$date": {
      "$numberLong": "1642699383176"
    }
  },
  "__v": 0
},{
  "_id": {
    "$oid": "61e65a56370d36183cb5ac54"
  },
  "user": {
    "$oid": "61af80b95f7a0d3540559def"
  },
  "orderItems": [
    {
      "name": "Beats solo3 wireless headphones",
      "quantity": 1,
      "image": "/images/accessories/beats-solo3-wireless-headphones-1.jpg",
      "price": 185.99,
      "product": {
        "$oid": "61af80ba5f7a0d3540559df3"
      },
      "commented": false,
      "_id": {
        "$oid": "61e65a56370d36183cb5ac55"
      }
    }
  ],
  "address": "26a , Phường Trường Thọ , Thành Phố Thủ Đức , Hồ Chí Minh",
  "paymentMethod": "zaloPay",
  "phone": "0123456789",
  "paymentResult": {
    "id": "220118_555110",
    "status": "success",
    "created": {
      "$date": {
        "$numberLong": "1642486357098"
      }
    },
    "receipt_email": "nmth206@gmail.com",
    "receipt_name": "Ngô Minh Thành"
  },
  "totalPrice": 185.99,
  "shippingPrice": 1.86,
  "discountPrice": 0,
  "total": 187.85,
  "status": "Ordered Successfully",
  "statusTime": [
    {
      "$date": {
        "$numberLong": "1642486358509"
      }
    }
  ],
  "createdAt": {
    "$date": {
      "$numberLong": "1642486358528"
    }
  },
  "updatedAt": {
    "$date": {
      "$numberLong": "1642486358528"
    }
  },
  "__v": 0
},{
  "_id": {
    "$oid": "61e683382e9c89e696a1fa7d"
  },
  "user": {
    "$oid": "61af80b95f7a0d3540559def"
  },
  "orderItems": [
    {
      "name": "PlayStation 4",
      "quantity": 1,
      "image": "/images/accessories/PlayStation-4-1.jpg",
      "price": 14.1,
      "product": {
        "$oid": "61af80ba5f7a0d3540559e1d"
      },
      "commented": true,
      "_id": {
        "$oid": "61e683382e9c89e696a1fa7e"
      }
    }
  ],
  "address": "26a , Phường Trường Thọ , Thành Phố Thủ Đức , Hồ Chí Minh",
  "paymentMethod": "MoMo",
  "phone": "0123456789",
  "paymentResult": {
    "id": "MOMO1642496794255",
    "status": "success",
    "created": {
      "$date": {
        "$numberLong": "1642496823854"
      }
    },
    "receipt_email": "nmth206@gmail.com",
    "receipt_name": "Ngô Minh Thành"
  },
  "totalPrice": 14.1,
  "shippingPrice": 0.14,
  "discountPrice": 0,
  "total": 14.24,
  "status": "Delivered",
  "statusTime": [
    {
      "$date": {
        "$numberLong": "1642497011781"
      }
    },
    {
      "$date": {
        "$numberLong": "1642497005458"
      }
    },
    {
      "$date": {
        "$numberLong": "1642496999387"
      }
    },
    {
      "$date": {
        "$numberLong": "1642496991863"
      }
    },
    {
      "$date": {
        "$numberLong": "1642496985336"
      }
    },
    {
      "$date": {
        "$numberLong": "1642496978736"
      }
    },
    {
      "$date": {
        "$numberLong": "1642496824357"
      }
    }
  ],
  "createdAt": {
    "$date": {
      "$numberLong": "1642496824364"
    }
  },
  "updatedAt": {
    "$date": {
      "$numberLong": "1642824656056"
    }
  },
  "__v": 0
},{
  "_id": {
    "$oid": "61e6cd7eeba3e954afd125d5"
  },
  "user": {
    "$oid": "61af80b95f7a0d3540559def"
  },
  "orderItems": [
    {
      "name": "Beats solo3 wireless headphones",
      "quantity": 1,
      "image": "/images/accessories/beats-solo3-wireless-headphones-1.jpg",
      "price": 185.99,
      "product": {
        "$oid": "61af80ba5f7a0d3540559df3"
      },
      "commented": true,
      "_id": {
        "$oid": "61e6cd7eeba3e954afd125d6"
      }
    }
  ],
  "address": "26a , Phường Trường Thọ , Thành Phố Thủ Đức , Hồ Chí Minh",
  "paymentMethod": "Stripe Card",
  "phone": "0123456789",
  "paymentResult": {
    "id": "pi_3KJIbIBQxomxIO4F0BHD3NOX",
    "status": "succeeded",
    "created": {
      "$date": {
        "$numberLong": "1642515836000"
      }
    },
    "receipt_email": "nmth206@gmail.com",
    "receipt_name": "Ngô Minh Thành"
  },
  "totalPrice": 185.99,
  "shippingPrice": 1.86,
  "discountPrice": 0,
  "total": 187.85,
  "status": "Packing",
  "statusTime": [
    {
      "$date": {
        "$numberLong": "1642787393226"
      }
    },
    {
      "$date": {
        "$numberLong": "1642782413379"
      }
    },
    {
      "$date": {
        "$numberLong": "1642699378549"
      }
    },
    {
      "$date": {
        "$numberLong": "1642515838347"
      }
    }
  ],
  "createdAt": {
    "$date": {
      "$numberLong": "1642515838366"
    }
  },
  "updatedAt": {
    "$date": {
      "$numberLong": "1642787393227"
    }
  },
  "__v": 0
},{
  "_id": {
    "$oid": "61eade78845491e740e376f9"
  },
  "user": {
    "$oid": "61c0af9f5099de0ea46fc974"
  },
  "orderItems": [
    {
      "name": "PlayStation 4",
      "quantity": 1,
      "image": "/images/accessories/PlayStation-4-1.jpg",
      "price": 14.1,
      "product": {
        "$oid": "61af80ba5f7a0d3540559e1d"
      },
      "commented": true,
      "_id": {
        "$oid": "61eade78845491e740e376fa"
      }
    }
  ],
  "address": "22/4 , Xã Quốc Tuấn , Huyện An Dương , Hải Phòng",
  "paymentMethod": "cash",
  "phone": "0233234234",
  "paymentResult": {
    "receipt_email": "sonhoangdang0612@gmail.com",
    "receipt_name": "Sơn"
  },
  "totalPrice": 14.1,
  "shippingPrice": 0.14,
  "discountPrice": 0,
  "total": 14.24,
  "status": "Shop Received",
  "statusTime": [
    {
      "$date": {
        "$numberLong": "1644677352121"
      }
    },
    {
      "$date": {
        "$numberLong": "1642782328647"
      }
    }
  ],
  "createdAt": {
    "$date": {
      "$numberLong": "1642782328655"
    }
  },
  "updatedAt": {
    "$date": {
      "$numberLong": "1644677352121"
    }
  },
  "__v": 0
},{
  "_id": {
    "$oid": "61eadfdd845491e740e377ab"
  },
  "user": {
    "$oid": "61c0af9f5099de0ea46fc974"
  },
  "orderItems": [
    {
      "name": "Samsung Galaxy Note 10 Plus 5G 512GB",
      "quantity": 2,
      "image": "/images/smartphones/8.jpg",
      "price": 47.49,
      "product": {
        "$oid": "61af80ba5f7a0d3540559df4"
      },
      "commented": true,
      "_id": {
        "$oid": "61eadfdd845491e740e377ac"
      }
    }
  ],
  "address": "22/4 , Xã Quốc Tuấn , Huyện An Dương , Hải Phòng",
  "paymentMethod": "cash",
  "phone": "0233234234",
  "paymentResult": {
    "receipt_email": "sonhoangdang0612@gmail.com",
    "receipt_name": "Sơn"
  },
  "totalPrice": 94.98,
  "shippingPrice": 0.95,
  "discountPrice": 10,
  "total": 85.93,
  "status": "Getting Product",
  "statusTime": [
    {
      "$date": {
        "$numberLong": "1645114429117"
      }
    },
    {
      "$date": {
        "$numberLong": "1642786151129"
      }
    },
    {
      "$date": {
        "$numberLong": "1642782685530"
      }
    }
  ],
  "createdAt": {
    "$date": {
      "$numberLong": "1642782685536"
    }
  },
  "updatedAt": {
    "$date": {
      "$numberLong": "1645114429117"
    }
  },
  "__v": 0
},{
  "_id": {
    "$oid": "61eb832d227dca7d3dbda720"
  },
  "user": {
    "$oid": "61af80b95f7a0d3540559def"
  },
  "orderItems": [
    {
      "name": "Tivi Sony Bravia KDL-50W800G",
      "quantity": 1,
      "image": "/images/televisions/3.jpg",
      "price": 413.98,
      "product": {
        "$oid": "61af80ba5f7a0d3540559e28"
      },
      "commented": false,
      "_id": {
        "$oid": "61eb832d227dca7d3dbda721"
      }
    }
  ],
  "address": "26a , Phường Trường Thọ , Thành Phố Thủ Đức , Hồ Chí Minh",
  "paymentMethod": "cash",
  "phone": "0123456789",
  "paymentResult": {
    "receipt_email": "nmth206@gmail.com",
    "receipt_name": "Ngô Minh Thành"
  },
  "totalPrice": 413.98,
  "shippingPrice": 4.14,
  "discountPrice": 10,
  "total": 408.12,
  "status": "Ordered Successfully",
  "statusTime": [
    {
      "$date": {
        "$numberLong": "1642824493255"
      }
    }
  ],
  "createdAt": {
    "$date": {
      "$numberLong": "1642824493261"
    }
  },
  "updatedAt": {
    "$date": {
      "$numberLong": "1642824493261"
    }
  },
  "__v": 0
},{
  "_id": {
    "$oid": "61eb8348227dca7d3dbda752"
  },
  "user": {
    "$oid": "61af80b95f7a0d3540559def"
  },
  "orderItems": [
    {
      "name": "Laptop Apple Macbook Air Retina MREE2LL/A VN/A",
      "quantity": 1,
      "image": "/images/laptops/8.jpg",
      "price": 648.99,
      "product": {
        "$oid": "61af80ba5f7a0d3540559df2"
      },
      "commented": false,
      "_id": {
        "$oid": "61eb8348227dca7d3dbda753"
      }
    }
  ],
  "address": "26a , Phường Trường Thọ , Thành Phố Thủ Đức , Hồ Chí Minh",
  "paymentMethod": "paypal",
  "phone": "0123456789",
  "paymentResult": {
    "id": "2ET73560GS3981639",
    "status": "COMPLETED",
    "created": {
      "$date": {
        "$numberLong": "1642824546000"
      }
    },
    "receipt_email": "nmth206@gmail.com",
    "receipt_name": "Ngô Minh Thành"
  },
  "totalPrice": 648.99,
  "shippingPrice": 6.49,
  "discountPrice": 0,
  "total": 655.48,
  "status": "Shop Received",
  "statusTime": [
    {
      "$date": {
        "$numberLong": "1645114425524"
      }
    },
    {
      "$date": {
        "$numberLong": "1642824520114"
      }
    }
  ],
  "createdAt": {
    "$date": {
      "$numberLong": "1642824520118"
    }
  },
  "updatedAt": {
    "$date": {
      "$numberLong": "1645114425525"
    }
  },
  "__v": 0
},{
  "_id": {
    "$oid": "61eb835f227dca7d3dbda79b"
  },
  "user": {
    "$oid": "61af80b95f7a0d3540559def"
  },
  "orderItems": [
    {
      "name": "Laptop Asus D409DA-EK095T",
      "quantity": 1,
      "image": "/images/laptops/3.jpg",
      "price": 399,
      "product": {
        "$oid": "61af80ba5f7a0d3540559df9"
      },
      "commented": false,
      "_id": {
        "$oid": "61eb835f227dca7d3dbda79c"
      }
    }
  ],
  "address": "26a , Phường Trường Thọ , Thành Phố Thủ Đức , Hồ Chí Minh",
  "paymentMethod": "Stripe Card",
  "phone": "0123456789",
  "paymentResult": {
    "id": "pi_3KKauqBQxomxIO4F0xVduSYf",
    "status": "succeeded",
    "created": {
      "$date": {
        "$numberLong": "1642824568000"
      }
    },
    "receipt_email": "nmth206@gmail.com",
    "receipt_name": "Ngô Minh Thành"
  },
  "totalPrice": 399,
  "shippingPrice": 3.99,
  "discountPrice": 0,
  "total": 402.99,
  "status": "Getting Product",
  "statusTime": [
    {
      "$date": {
        "$numberLong": "1645114421691"
      }
    },
    {
      "$date": {
        "$numberLong": "1644677341421"
      }
    },
    {
      "$date": {
        "$numberLong": "1642824543142"
      }
    }
  ],
  "createdAt": {
    "$date": {
      "$numberLong": "1642824543147"
    }
  },
  "updatedAt": {
    "$date": {
      "$numberLong": "1645114421692"
    }
  },
  "__v": 0
},{
  "_id": {
    "$oid": "61eb8379227dca7d3dbda7d3"
  },
  "user": {
    "$oid": "61af80b95f7a0d3540559def"
  },
  "orderItems": [
    {
      "name": "Keyboard Akko Ocean Star",
      "quantity": 1,
      "image": "/images/accessories/Keyboard-Akko-Ocean-Star-1.jpg",
      "price": 76,
      "product": {
        "$oid": "61af80ba5f7a0d3540559e18"
      },
      "commented": true,
      "_id": {
        "$oid": "61eb8379227dca7d3dbda7d4"
      }
    }
  ],
  "address": "26a , Phường Trường Thọ , Thành Phố Thủ Đức , Hồ Chí Minh",
  "paymentMethod": "zaloPay",
  "phone": "0123456789",
  "paymentResult": {
    "id": "220122_657016",
    "status": "success",
    "created": {
      "$date": {
        "$numberLong": "1642824568882"
      }
    },
    "receipt_email": "nmth206@gmail.com",
    "receipt_name": "Ngô Minh Thành"
  },
  "totalPrice": 76,
  "shippingPrice": 0.76,
  "discountPrice": 0,
  "total": 76.76,
  "status": "Delivered",
  "statusTime": [
    {
      "$date": {
        "$numberLong": "1645939814228"
      }
    },
    {
      "$date": {
        "$numberLong": "1645085211246"
      }
    },
    {
      "$date": {
        "$numberLong": "1644677337258"
      }
    },
    {
      "$date": {
        "$numberLong": "1643031960104"
      }
    },
    {
      "$date": {
        "$numberLong": "1643031921985"
      }
    },
    {
      "$date": {
        "$numberLong": "1642824803225"
      }
    },
    {
      "$date": {
        "$numberLong": "1642824569381"
      }
    }
  ],
  "createdAt": {
    "$date": {
      "$numberLong": "1642824569386"
    }
  },
  "updatedAt": {
    "$date": {
      "$numberLong": "1645939814229"
    }
  },
  "__v": 0
},{
  "_id": {
    "$oid": "61eb8395227dca7d3dbda804"
  },
  "user": {
    "$oid": "61af80b95f7a0d3540559def"
  },
  "orderItems": [
    {
      "name": "Beats solo3 wireless headphones",
      "quantity": 2,
      "image": "/images/accessories/beats-solo3-wireless-headphones-1.jpg",
      "price": 46.4,
      "product": {
        "$oid": "61af80ba5f7a0d3540559df3"
      },
      "commented": false,
      "_id": {
        "$oid": "61eb8395227dca7d3dbda805"
      }
    }
  ],
  "address": "26a , Phường Trường Thọ , Thành Phố Thủ Đức , Hồ Chí Minh",
  "paymentMethod": "MoMo",
  "phone": "0123456789",
  "paymentResult": {
    "id": "MOMO1642824576427",
    "status": "success",
    "created": {
      "$date": {
        "$numberLong": "1642824597459"
      }
    },
    "receipt_email": "nmth206@gmail.com",
    "receipt_name": "Ngô Minh Thành"
  },
  "totalPrice": 92.8,
  "shippingPrice": 0.93,
  "discountPrice": 0,
  "total": 93.73,
  "status": "Cancelled",
  "statusTime": [
    {
      "$date": {
        "$numberLong": "1642824640466"
      }
    },
    {
      "$date": {
        "$numberLong": "1642824597952"
      }
    }
  ],
  "createdAt": {
    "$date": {
      "$numberLong": "1642824597956"
    }
  },
  "updatedAt": {
    "$date": {
      "$numberLong": "1642824640469"
    }
  },
  "__v": 1
},{
  "_id": {
    "$oid": "620e73a58dcc9fc6bd7bffbd"
  },
  "user": {
    "$oid": "61af80b95f7a0d3540559def"
  },
  "orderItems": [
    {
      "name": "Tivi Sony KD-65X8000H",
      "quantity": 1,
      "image": "/images/televisions/1.jpg",
      "price": 349.99,
      "product": {
        "$oid": "61af80ba5f7a0d3540559e0f"
      },
      "commented": true,
      "_id": {
        "$oid": "620e73a58dcc9fc6bd7bffbe"
      }
    }
  ],
  "address": "26a , Phường Trường Thọ , Thành Phố Thủ Đức , Hồ Chí Minh",
  "paymentMethod": "Stripe Card",
  "phone": "0123456789",
  "paymentResult": {
    "id": "pi_3KUCZbBQxomxIO4F0RBC8bOy",
    "status": "succeeded",
    "created": {
      "$date": {
        "$numberLong": "1645114275000"
      }
    },
    "receipt_email": "nmth206@gmail.com",
    "receipt_name": "Ngô Minh Thành"
  },
  "totalPrice": 349.99,
  "shippingPrice": 3.5,
  "discountPrice": 50,
  "total": 303.49,
  "status": "Ordered Successfully",
  "statusTime": [
    {
      "$date": {
        "$numberLong": "1645114277212"
      }
    }
  ],
  "createdAt": {
    "$date": {
      "$numberLong": "1645114277218"
    }
  },
  "updatedAt": {
    "$date": {
      "$numberLong": "1645196635676"
    }
  },
  "__v": 0
},{
  "_id": {
    "$oid": "6212f78d356a5c6ac07fecaa"
  },
  "user": {
    "$oid": "61af80b95f7a0d3540559def"
  },
  "orderItems": [
    {
      "name": "Electronic Kitchen Scale 5kg Electronic Kitchen Scale",
      "quantity": 1,
      "image": "/images/kitchen-appliances/1.jpg",
      "price": 89,
      "product": {
        "$oid": "61af80ba5f7a0d3540559df8"
      },
      "commented": true,
      "_id": {
        "$oid": "6212f78d356a5c6ac07fecab"
      }
    },
    {
      "name": "Beats solo3 wireless headphones",
      "quantity": 1,
      "image": "/images/accessories/beats-solo3-wireless-headphones-1.jpg",
      "price": 46.4,
      "product": {
        "$oid": "61af80ba5f7a0d3540559df3"
      },
      "commented": false,
      "_id": {
        "$oid": "6212f78d356a5c6ac07fecac"
      }
    }
  ],
  "address": "11/4 đường 9 , Phường Đồng Xuân , Quận Hoàn Kiếm , Hà Nội",
  "paymentMethod": "cash",
  "phone": "0123456789",
  "paymentResult": {
    "receipt_email": "nmth206@gmail.com",
    "receipt_name": "Anh Hai"
  },
  "totalPrice": 135.4,
  "shippingPrice": 1.35,
  "discountPrice": 0,
  "total": 136.75,
  "status": "Ordered Successfully",
  "statusTime": [
    {
      "$date": {
        "$numberLong": "1645410189486"
      }
    }
  ],
  "createdAt": {
    "$date": {
      "$numberLong": "1645410189502"
    }
  },
  "updatedAt": {
    "$date": {
      "$numberLong": "1662977775293"
    }
  },
  "__v": 0
},{
  "_id": {
    "$oid": "6231c1029749e0b2022da120"
  },
  "user": {
    "$oid": "6231c086dd819f3a64705dde"
  },
  "orderItems": [
    {
      "name": "Beats solo3 wireless headphones",
      "quantity": 1,
      "image": "/images/accessories/beats-solo3-wireless-headphones-1.jpg",
      "price": 46.4,
      "product": {
        "$oid": "61af80ba5f7a0d3540559df3"
      },
      "commented": true,
      "_id": {
        "$oid": "6231c1029749e0b2022da121"
      }
    }
  ],
  "address": "ecvds34rxdx , Xã Mỹ Đức , Huyện An Lão , Hải Phòng",
  "paymentMethod": "Stripe Card",
  "phone": "1323123123",
  "paymentResult": {
    "id": "pi_3KduRABQxomxIO4F0SFl9P23",
    "status": "succeeded",
    "created": {
      "$date": {
        "$numberLong": "1647427840000"
      }
    },
    "receipt_email": "ducthang@gmail.com",
    "receipt_name": "test"
  },
  "totalPrice": 46.4,
  "shippingPrice": 0.46,
  "discountPrice": 0,
  "total": 46.86,
  "status": "Ordered Successfully",
  "statusTime": [
    {
      "$date": {
        "$numberLong": "1647427842323"
      }
    }
  ],
  "createdAt": {
    "$date": {
      "$numberLong": "1647427842332"
    }
  },
  "updatedAt": {
    "$date": {
      "$numberLong": "1647427888542"
    }
  },
  "__v": 0
},{
  "_id": {
    "$oid": "623aa59ca7ab7801f77a7137"
  },
  "user": {
    "$oid": "61af80b95f7a0d3540559def"
  },
  "orderItems": [
    {
      "name": "Samsung Galaxy Note 10 Plus 5G 512GB",
      "quantity": 1,
      "image": "/images/smartphones/8.jpg",
      "price": 47.49,
      "product": {
        "$oid": "61af80ba5f7a0d3540559df4"
      },
      "commented": true,
      "_id": {
        "$oid": "623aa59ca7ab7801f77a7138"
      }
    }
  ],
  "address": "11/4 đường 9 , Phường Đồng Xuân , Quận Hoàn Kiếm , Hà Nội",
  "paymentMethod": "Stripe Card",
  "phone": "0123456789",
  "paymentResult": {
    "id": "pi_3KgM3KBQxomxIO4F1tpYB7Vr",
    "status": "succeeded",
    "created": {
      "$date": {
        "$numberLong": "1648010650000"
      }
    },
    "receipt_email": "nmth206@gmail.com",
    "receipt_name": "Anh Hai"
  },
  "totalPrice": 47.49,
  "shippingPrice": 0.47,
  "discountPrice": 0,
  "total": 47.96,
  "status": "Ordered Successfully",
  "statusTime": [
    {
      "$date": {
        "$numberLong": "1648010652837"
      }
    }
  ],
  "createdAt": {
    "$date": {
      "$numberLong": "1648010652856"
    }
  },
  "updatedAt": {
    "$date": {
      "$numberLong": "1655909812453"
    }
  },
  "__v": 0
},{
  "_id": {
    "$oid": "63d7e906a341f6aae67e9f5d"
  },
  "user": {
    "$oid": "61af80b95f7a0d3540559def"
  },
  "orderItems": [
    {
      "name": "Tivi Led Sharp 2T-C45AE1X 45 inch",
      "quantity": 1,
      "image": "/images/televisions/6.jpg",
      "price": 450,
      "product": {
        "$oid": "61af80ba5f7a0d3540559df7"
      },
      "commented": false,
      "_id": {
        "$oid": "63d7e906a341f6aae67e9f5e"
      }
    }
  ],
  "address": "26a , Phường Trường Thọ , Thành Phố Thủ Đức , Hồ Chí Minh",
  "paymentMethod": "cash",
  "phone": "0738485890",
  "paymentResult": {
    "receipt_email": "nmth206@gmail.com",
    "receipt_name": "Ngô Minh Thành"
  },
  "totalPrice": 450,
  "shippingPrice": 7.22,
  "discountPrice": 0,
  "total": 457.22,
  "status": "Ordered Successfully",
  "statusTime": [
    {
      "$date": {
        "$numberLong": "1675094278300"
      }
    }
  ],
  "createdAt": {
    "$date": {
      "$numberLong": "1675094278309"
    }
  },
  "updatedAt": {
    "$date": {
      "$numberLong": "1675094278309"
    }
  },
  "__v": 0
},{
  "_id": {
    "$oid": "63d7e96762afab45860c4b70"
  },
  "user": {
    "$oid": "61af80b95f7a0d3540559def"
  },
  "orderItems": [
    {
      "name": "Electronic Kitchen Scale 5kg Electronic Kitchen Scale",
      "quantity": 1,
      "image": "/images/kitchen-appliances/1.jpg",
      "price": 3,
      "product": {
        "$oid": "61af80ba5f7a0d3540559df8"
      },
      "commented": false,
      "_id": {
        "$oid": "63d7e96762afab45860c4b71"
      }
    }
  ],
  "address": "26a , Phường Trường Thọ , Thành Phố Thủ Đức , Hồ Chí Minh",
  "paymentMethod": "Stripe Card",
  "phone": "0738485890",
  "paymentResult": {
    "id": "pi_3MVzlZBQxomxIO4F2xZJwuOv",
    "status": "succeeded",
    "created": {
      "$date": {
        "$numberLong": "1675094373000"
      }
    },
    "receipt_email": "nmth206@gmail.com",
    "receipt_name": "Ngô Minh Thành"
  },
  "totalPrice": 3,
  "shippingPrice": 7.22,
  "discountPrice": 0,
  "total": 10.22,
  "status": "Ordered Successfully",
  "statusTime": [
    {
      "$date": {
        "$numberLong": "1675094375451"
      }
    }
  ],
  "createdAt": {
    "$date": {
      "$numberLong": "1675094375457"
    }
  },
  "updatedAt": {
    "$date": {
      "$numberLong": "1675094375457"
    }
  },
  "__v": 0
},{
  "_id": {
    "$oid": "63d81122a88da88f48ccb386"
  },
  "user": {
    "$oid": "61af80b95f7a0d3540559def"
  },
  "orderItems": [
    {
      "name": "Electronic Kitchen Scale 5kg Electronic Kitchen Scale",
      "quantity": 1,
      "image": "/images/kitchen-appliances/1.jpg",
      "price": 3,
      "product": {
        "$oid": "61af80ba5f7a0d3540559df8"
      },
      "commented": false,
      "_id": {
        "$oid": "63d81122a88da88f48ccb387"
      }
    }
  ],
  "address": "26a , Phường Trường Thọ , Thành Phố Thủ Đức , Hồ Chí Minh",
  "paymentMethod": "zaloPay",
  "phone": "0738485890",
  "paymentResult": {
    "id": "230131_01483800265",
    "status": "success",
    "created": {
      "$date": {
        "$numberLong": "1675104540254"
      }
    },
    "receipt_email": "nmth206@gmail.com",
    "receipt_name": "Ngô Minh Thành"
  },
  "totalPrice": 3,
  "shippingPrice": 0,
  "discountPrice": 0,
  "total": 3,
  "status": "Ordered Successfully",
  "statusTime": [
    {
      "$date": {
        "$numberLong": "1675104546151"
      }
    }
  ],
  "createdAt": {
    "$date": {
      "$numberLong": "1675104546161"
    }
  },
  "updatedAt": {
    "$date": {
      "$numberLong": "1675104546161"
    }
  },
  "__v": 0
},{
  "_id": {
    "$oid": "63d87ab952a5eff9f0cf5d1a"
  },
  "user": {
    "$oid": "61af80b95f7a0d3540559def"
  },
  "orderItems": [
    {
      "name": "Electronic Kitchen Scale 5kg Electronic Kitchen Scale",
      "quantity": 1,
      "image": "/images/kitchen-appliances/1.jpg",
      "price": 3,
      "product": {
        "$oid": "61af80ba5f7a0d3540559df8"
      },
      "commented": true,
      "_id": {
        "$oid": "63d87ab952a5eff9f0cf5d1b"
      }
    }
  ],
  "address": "26a , Phường Trường Thọ , Thành Phố Thủ Đức , Hồ Chí Minh",
  "paymentMethod": "zaloPay",
  "phone": "0738485890",
  "paymentResult": {
    "id": "230131_09191300282",
    "status": "success",
    "created": {
      "$date": {
        "$numberLong": "1675131576951"
      }
    },
    "receipt_email": "nmth206@gmail.com",
    "receipt_name": "Ngô Minh Thành"
  },
  "totalPrice": 3,
  "shippingPrice": 7.22,
  "discountPrice": 0,
  "total": 10.22,
  "status": "Ordered Successfully",
  "statusTime": [
    {
      "$date": {
        "$numberLong": "1675131577181"
      }
    }
  ],
  "createdAt": {
    "$date": {
      "$numberLong": "1675131577192"
    }
  },
  "updatedAt": {
    "$date": {
      "$numberLong": "1675176974002"
    }
  },
  "__v": 0
},{
  "_id": {
    "$oid": "63d87ba452a5eff9f0cf5d5f"
  },
  "user": {
    "$oid": "61af80b95f7a0d3540559def"
  },
  "orderItems": [
    {
      "name": "Electronic Kitchen Scale 5kg Electronic Kitchen Scale",
      "quantity": 1,
      "image": "/images/kitchen-appliances/1.jpg",
      "price": 3,
      "product": {
        "$oid": "61af80ba5f7a0d3540559df8"
      },
      "commented": false,
      "_id": {
        "$oid": "63d87ba452a5eff9f0cf5d60"
      }
    }
  ],
  "address": "26a , Phường Trường Thọ , Thành Phố Thủ Đức , Hồ Chí Minh",
  "paymentMethod": "zaloPay",
  "phone": "0738485890",
  "paymentResult": {
    "id": "230131_09231100283",
    "status": "success",
    "created": {
      "$date": {
        "$numberLong": "1675131812760"
      }
    },
    "receipt_email": "nmth206@gmail.com",
    "receipt_name": "Ngô Minh Thành"
  },
  "totalPrice": 3,
  "shippingPrice": 7.22,
  "discountPrice": 0,
  "total": 10.22,
  "status": "Ordered Successfully",
  "statusTime": [
    {
      "$date": {
        "$numberLong": "1675131812960"
      }
    }
  ],
  "createdAt": {
    "$date": {
      "$numberLong": "1675131812969"
    }
  },
  "updatedAt": {
    "$date": {
      "$numberLong": "1675131812969"
    }
  },
  "__v": 0
},{
  "_id": {
    "$oid": "63d8eeccc44fb2f90ef4091e"
  },
  "user": {
    "$oid": "61c937edc8f7d7ccc2f0e331"
  },
  "orderItems": [
    {
      "name": "PlayStation 4",
      "quantity": 1,
      "image": "/images/accessories/PlayStation-4-1.jpg",
      "price": 112.5,
      "product": {
        "$oid": "61af80ba5f7a0d3540559e1d"
      },
      "commented": false,
      "_id": {
        "$oid": "63d8eeccc44fb2f90ef4091f"
      }
    }
  ],
  "address": "123 , Thị trấn Ngãi Giao , Huyện Châu Đức , Bà Rịa - Vũng Tàu",
  "paymentMethod": "zaloPay",
  "phone": "0123456789",
  "paymentResult": {
    "id": "230131_17340900321",
    "status": "success",
    "created": {
      "$date": {
        "$numberLong": "1675161291508"
      }
    },
    "receipt_email": "ngochuyen@gmail.com",
    "receipt_name": "abc"
  },
  "totalPrice": 112.5,
  "shippingPrice": 6.96,
  "discountPrice": 0,
  "total": 119.46,
  "status": "Ordered Successfully",
  "statusTime": [
    {
      "$date": {
        "$numberLong": "1675161292558"
      }
    }
  ],
  "createdAt": {
    "$date": {
      "$numberLong": "1675161292567"
    }
  },
  "updatedAt": {
    "$date": {
      "$numberLong": "1675161292567"
    }
  },
  "__v": 0
},{
  "_id": {
    "$oid": "63dbfeb75cb4e950e9db2418"
  },
  "user": {
    "$oid": "61af80b95f7a0d3540559def"
  },
  "orderItems": [
    {
      "name": "One Piece Chopper Keyboard",
      "quantity": 1,
      "image": "/images/accessories/One-Piece-Chopper-Keyboard-1.jpg",
      "price": 83,
      "product": {
        "$oid": "61af80ba5f7a0d3540559e2c"
      },
      "commented": false,
      "_id": {
        "$oid": "63dbfeb75cb4e950e9db2419"
      }
    }
  ],
  "address": "26a , Phường Trường Thọ , Thành Phố Thủ Đức , Hồ Chí Minh",
  "paymentMethod": "zaloPay",
  "phone": "0738485890",
  "paymentResult": {
    "id": "230203_01184400409",
    "status": "success",
    "created": {
      "$date": {
        "$numberLong": "1675361974576"
      }
    },
    "receipt_email": "nmth206@gmail.com",
    "receipt_name": "Ngô Minh Thành"
  },
  "totalPrice": 83,
  "shippingPrice": 7.22,
  "discountPrice": 50,
  "total": 40.22,
  "status": "Ordered Successfully",
  "statusTime": [
    {
      "$date": {
        "$numberLong": "1675361975848"
      }
    }
  ],
  "createdAt": {
    "$date": {
      "$numberLong": "1675361975854"
    }
  },
  "updatedAt": {
    "$date": {
      "$numberLong": "1675361975854"
    }
  },
  "__v": 0
},{
  "_id": {
    "$oid": "63dbffd5acda1aa3674480d4"
  },
  "user": {
    "$oid": "61af80b95f7a0d3540559def"
  },
  "orderItems": [
    {
      "name": "One Piece Chopper Keyboard",
      "quantity": 1,
      "image": "/images/accessories/One-Piece-Chopper-Keyboard-1.jpg",
      "price": 83,
      "product": {
        "$oid": "61af80ba5f7a0d3540559e2c"
      },
      "commented": false,
      "_id": {
        "$oid": "63dbffd5acda1aa3674480d5"
      }
    }
  ],
  "address": "26a , Phường Trường Thọ , Thành Phố Thủ Đức , Hồ Chí Minh",
  "paymentMethod": "cash",
  "phone": "0738485890",
  "paymentResult": {
    "receipt_email": "nmth206@gmail.com",
    "receipt_name": "Ngô Minh Thành"
  },
  "totalPrice": 83,
  "shippingPrice": 7.22,
  "discountPrice": 0,
  "total": 90.22,
  "status": "Ordered Successfully",
  "statusTime": [
    {
      "$date": {
        "$numberLong": "1675362261435"
      }
    }
  ],
  "createdAt": {
    "$date": {
      "$numberLong": "1675362261445"
    }
  },
  "updatedAt": {
    "$date": {
      "$numberLong": "1675362261445"
    }
  },
  "__v": 0
},{
  "_id": {
    "$oid": "63dd2f63d04a43dbd4a43ed8"
  },
  "user": {
    "$oid": "61af80b95f7a0d3540559def"
  },
  "orderItems": [
    {
      "name": "Laptop Asus D409DA-EK095T",
      "quantity": 1,
      "image": "/images/laptops/3.jpg",
      "price": 599.99,
      "product": {
        "$oid": "61af80ba5f7a0d3540559df9"
      },
      "commented": false,
      "_id": {
        "$oid": "63dd2f63d04a43dbd4a43ed9"
      }
    }
  ],
  "address": "26a , Phường Trường Thọ , Thành Phố Thủ Đức , Hồ Chí Minh",
  "paymentMethod": "cash",
  "phone": "0738485890",
  "paymentResult": {
    "receipt_email": "nmth206@gmail.com",
    "receipt_name": "Ngô Minh Thành"
  },
  "totalPrice": 599.99,
  "shippingPrice": 7.22,
  "discountPrice": 0,
  "total": 607.21,
  "status": "Ordered Successfully",
  "statusTime": [
    {
      "$date": {
        "$numberLong": "1675439971233"
      }
    }
  ],
  "createdAt": {
    "$date": {
      "$numberLong": "1675439971238"
    }
  },
  "updatedAt": {
    "$date": {
      "$numberLong": "1675439971238"
    }
  },
  "__v": 0
},{
  "_id": {
    "$oid": "63e860195b6ba93999b214da"
  },
  "user": {
    "$oid": "61c0af9f5099de0ea46fc974"
  },
  "orderItems": [
    {
      "name": "iPhone 11 Pro Max 64GB GOLD GRAY SILVER",
      "quantity": 1,
      "image": "/images/smartphones/9.jpg",
      "price": 556.7,
      "product": {
        "$oid": "61af80ba5f7a0d3540559dfa"
      },
      "commented": true,
      "_id": {
        "$oid": "63e860195b6ba93999b214db"
      }
    }
  ],
  "address": "23 khu phố 1 , Phường Bình Thọ , Thành Phố Thủ Đức , Hồ Chí Minh",
  "paymentMethod": "cash",
  "phone": "0354335099",
  "paymentResult": {
    "receipt_email": "sonhoangdang0612@gmail.com",
    "receipt_name": "Sơn Đặng"
  },
  "totalPrice": 556.7,
  "shippingPrice": 7.22,
  "discountPrice": 0,
  "total": 563.92,
  "status": "Delivered",
  "statusTime": [
    {
      "$date": {
        "$numberLong": "1676173385317"
      }
    },
    {
      "$date": {
        "$numberLong": "1676173381350"
      }
    },
    {
      "$date": {
        "$numberLong": "1676173376274"
      }
    },
    {
      "$date": {
        "$numberLong": "1676173372718"
      }
    },
    {
      "$date": {
        "$numberLong": "1676173368855"
      }
    },
    {
      "$date": {
        "$numberLong": "1676173349238"
      }
    },
    {
      "$date": {
        "$numberLong": "1676173337635"
      }
    }
  ],
  "createdAt": {
    "$date": {
      "$numberLong": "1676173337642"
    }
  },
  "updatedAt": {
    "$date": {
      "$numberLong": "1676173461765"
    }
  },
  "__v": 0
},{
  "_id": {
    "$oid": "63e8615a5b6ba93999b21621"
  },
  "user": {
    "$oid": "620e6aeb66255a36eb261382"
  },
  "orderItems": [
    {
      "name": "iPhone 11 Pro Max 64GB GOLD GRAY SILVER",
      "quantity": 1,
      "image": "/images/smartphones/9.jpg",
      "price": 556.7,
      "product": {
        "$oid": "61af80ba5f7a0d3540559dfa"
      },
      "commented": false,
      "_id": {
        "$oid": "63e8615a5b6ba93999b21622"
      }
    }
  ],
  "address": "cần dước , Phường 10 , Thành phố Vũng Tàu , Bà Rịa - Vũng Tàu",
  "paymentMethod": "cash",
  "phone": "0919919950",
  "paymentResult": {
    "receipt_email": "dotranghuyen@gmail.com",
    "receipt_name": "Đỗ Trang"
  },
  "totalPrice": 556.7,
  "shippingPrice": 6.52,
  "discountPrice": 0,
  "total": 563.22,
  "status": "Getting Product",
  "statusTime": [
    {
      "$date": {
        "$numberLong": "1676717291845"
      }
    },
    {
      "$date": {
        "$numberLong": "1676693581802"
      }
    },
    {
      "$date": {
        "$numberLong": "1676173658045"
      }
    }
  ],
  "createdAt": {
    "$date": {
      "$numberLong": "1676173658047"
    }
  },
  "updatedAt": {
    "$date": {
      "$numberLong": "1676717291846"
    }
  },
  "__v": 0
}]